"kommunenummer","kommunenavn","fylkesnummer","fylkesnavn","nordnorge","tilfeller","tilfeller1000","over1","dode","karantene","areal","folketall","over69","andelover69","sentralitetsindeks","ledighet","innvandrere","skatteinntekter","STN","senterpartiet","passasjererutland"
"0301","Oslo","03","Oslo",0,2955,4.26103181858819,1,51,0,454.12,693494,66205,0.0954658583924302,1000,2.55,33.79,88606.2,0,2.18351,13313399
"1101","Eigersund","11","Rogaland",0,14,0.945243400175545,0,0,0,432.48,14811,2024,0.136655188711093,754,1.5,13.04,897.7,0,11.78035,0
"1103","Stavanger","11","Rogaland",0,136,0.947246715979216,0,0,0,262.52,143574,15426,0.107442851769819,890,2.55,23.02,15256.6,0,4.78813,1531692
"1106","Haugesund","11","Rogaland",0,58,1.55258719918623,1,0,0,72.68,37357,4804,0.128597050084322,832,2.25,18.06,2472.7,0,5.05161,18699
"1108","Sandnes","11","Rogaland",0,50,0.628638243836202,0,1,0,1040.56,79537,7537,0.0947609288758691,878,2.7,22.96,5701.7,0,6.92903,0
"1111","Sokndal","11","Rogaland",0,5,1.52439024390244,1,0,0,294.98,3280,508,0.154878048780488,653,1.45,7.35,182.3,0,11.80022,0
"1112","Lund","11","Rogaland",0,1,0.312304809494066,0,0,0,408.42,3202,460,0.14366021236727,629,1.75,10.24,172.4,0,22.05619,0
"1114","Bjerkreim","11","Rogaland",0,0,0,0,0,0,650.56,2787,308,0.110513096519555,691,1.8,10.51,150.9,0,36.54105,0
"1119","Hå","11","Rogaland",0,7,0.368595650571323,0,0,0,257.99,18991,2020,0.106366173450582,771,1.95,15.22,1007.3,0,15.83529,0
"1120","Klepp","11","Rogaland",0,6,0.306309985705534,0,0,0,113.49,19588,2045,0.104400653461303,846,2.1,15.31,1204.1,0,16.91769,0
"1121","Time","11","Rogaland",0,14,0.74011418904631,0,0,0,183.19,18916,2012,0.106364982025798,833,1.75,12.48,1168.1,0,18.71459,0
"1122","Gjesdal","11","Rogaland",0,13,1.08315280786536,1,1,0,617.98,12002,999,0.0832361273121146,801,2.6,15.55,646.9,0,13.63878,0
"1124","Sola","11","Rogaland",0,19,0.699738518764041,0,0,0,69.05,27153,2700,0.0994365263506795,857,2.45,20.41,3209.4,0,9.93859,0
"1127","Randaberg","11","Rogaland",0,10,0.89118616879066,0,0,0,24.71,11221,1252,0.111576508332591,866,2.15,13.65,739.8,0,15.84919,0
"1130","Strand","11","Rogaland",0,12,0.925354719309068,0,1,0,261.69,12968,1617,0.124691548426897,708,2.75,11.96,696.3,0,13.10633,0
"1133","Hjelmeland","11","Rogaland",0,0,0,0,0,0,1067.78,2574,426,0.165501165501166,518,1.55,17.33,168.4,0,47.30135,0
"1134","Suldal","11","Rogaland",0,1,0.262881177707676,0,0,0,1736.65,3804,619,0.162723449001052,509,1,11.91,355.8,0,44.56107,0
"1135","Sauda","11","Rogaland",0,3,0.652883569096844,0,0,0,546.56,4595,774,0.168443960826986,620,1.3,9.6,318.5,0,53.58155,0
"1144","Kvitsøy","11","Rogaland",0,0,0,0,0,0,6.29,517,100,0.193423597678917,502,NA,10.25,29.2,0,NA,0
"1145","Bokn","11","Rogaland",0,1,1.17370892018779,1,0,0,47.17,852,150,0.176056338028169,624,1.4,9.51,46.9,0,40.68136,0
"1146","Tysvær","11","Rogaland",0,20,1.80750112968821,1,0,0,425.48,11065,1394,0.125982828739268,722,1.85,9.15,618.9,0,20.80205,0
"1149","Karmøy","11","Rogaland",0,77,1.82525008296591,1,0,0,229.96,42186,5563,0.131868392357654,756,2.05,10.45,2372.2,0,7.89046,0
"1151","Utsira","11","Rogaland",0,0,0,0,0,0,6.32,198,30,0.151515151515152,295,NA,15.66,11.4,0,NA,0
"1160","Vindafjord","11","Rogaland",0,11,1.2623364700482,1,0,0,620.59,8714,1198,0.13747991737434,644,1.9,13.95,662.6,0,33.21471,0
"1505","Kristiansund","15","Møre og Romsdal",0,21,0.868522271392531,0,0,1,87.44,24179,3719,0.153811158443277,755,2.85,13.04,1356.7,0,17.4557,7069
"1506","Molde","15","Møre og Romsdal",0,15,0.469233897456752,0,0,1,1503.36,31967,5001,0.156442581412081,731,2,13.14,2081.1,0,16.16447,22601
"1507","Ålesund","15","Møre og Romsdal",0,35,0.528238099550243,0,0,1,632.42,66258,8731,0.131772767062091,779,2.05,15.85,4742.2,0,12.84493,294804
"1511","Vanylven","15","Møre og Romsdal",0,2,0.641642605068977,0,0,1,385.22,3117,686,0.220083413538659,526,1.4,7.57,148.9,0,16.49425,0
"1514","Sande","15","Møre og Romsdal",0,6,2.4380333197887,1,0,1,93.21,2461,444,0.180414465664364,554,3.15,20.07,142.2,0,20.83656,0
"1515","Herøy (Møre og Romsdal)","15","Møre og Romsdal",0,0,0,0,0,1,119.52,8900,1387,0.155842696629213,659,3.35,13.93,647.3,0,9.4789,0
"1516","Ulstein","15","Møre og Romsdal",0,11,1.28339750320849,1,0,0,97.2,8571,1081,0.126122972815307,714,2.15,16.4,571.9,0,13.5906,0
"1517","Hareid","15","Møre og Romsdal",0,3,0.579710144927536,0,0,1,82.27,5175,709,0.137004830917874,688,3.25,18.9,270,0,NA,0
"1520","Ørsta","15","Møre og Romsdal",0,6,0.554272517321016,0,0,0,661.58,10825,1662,0.153533487297921,712,2.2,9.87,646.1,0,48.07728,0
"1525","Stranda","15","Møre og Romsdal",0,0,0,0,0,1,865.87,4523,838,0.18527525978333,628,1.75,20.3,244.4,0,46.59894,0
"1528","Sykkylven","15","Møre og Romsdal",0,1,0.131147540983607,0,0,1,337.8,7625,1155,0.151475409836066,682,1.5,14.56,428.5,0,28.7973,0
"1531","Sula","15","Møre og Romsdal",0,17,1.82599355531686,1,0,1,58.51,9310,1148,0.123308270676692,734,2.15,13.15,512,0,NA,0
"1532","Giske","15","Møre og Romsdal",0,6,0.709052233514536,0,2,1,40.54,8462,1032,0.1219569841645,708,1.45,12.5,477.4,0,11.1195,0
"1535","Vestnes","15","Møre og Romsdal",0,3,0.459277403551745,0,0,1,351.7,6532,1047,0.160287813839559,642,2.15,12.63,378.9,0,31.18719,0
"1539","Rauma","15","Møre og Romsdal",0,10,1.33904659882164,1,0,1,1502.15,7468,1319,0.176620246384574,615,2.3,10.24,397.2,0,19.32342,0
"1547","Aukra","15","Møre og Romsdal",0,0,0,0,0,1,60.64,3509,578,0.164719293245939,607,2.4,14.39,199,0,17.32673,0
"1554","Averøy","15","Møre og Romsdal",0,0,0,0,0,1,175.68,5788,919,0.158776779543884,619,2.15,11.44,321.4,0,14.06804,0
"1557","Gjemnes","15","Møre og Romsdal",0,1,0.380372765310004,0,0,1,381.63,2629,457,0.173830353746672,578,1.7,10,119.7,0,49.80901,0
"1560","Tingvoll","15","Møre og Romsdal",0,1,0.330578512396694,0,0,1,336.81,3025,607,0.200661157024793,567,1.35,10.88,141.3,0,33.08913,0
"1563","Sunndal","15","Møre og Romsdal",0,2,0.284252416145537,0,0,1,1713.37,7036,1155,0.164155770324048,630,1.6,10.69,392.6,0,22.05995,0
"1566","Surnadal","15","Møre og Romsdal",0,2,0.337837837837838,0,0,1,1366.05,5920,1059,0.178885135135135,596,1.5,6.66,360.9,0,46.01187,0
"1573","Smøla","15","Møre og Romsdal",0,0,0,0,0,1,271.91,2150,397,0.184651162790698,450,2.3,12.98,109.7,0,39.39138,0
"1576","Aure","15","Møre og Romsdal",0,3,0.855431993156544,0,0,1,641.39,3507,683,0.194753350441973,488,1.35,11.58,170.3,0,29.10448,0
"1577","Volda","15","Møre og Romsdal",0,5,0.477418122791941,0,0,0,876.87,10473,1613,0.15401508641268,699,2.1,11.29,541.4,0,20.67791,0
"1578","Fjord","15","Møre og Romsdal",0,2,0.78462142016477,0,0,1,1190.58,2549,489,0.191839937230286,560,1.45,14.01,129.4,0,33.81024,0
"1579","Hustadvika","15","Møre og Romsdal",0,4,0.301227502070939,0,0,1,521.9,13279,1923,0.144815121620604,646,2.2,9.73,695,0,43.76291,0
"1804","Bodø","18","Nordland",1,43,0.821284641977195,0,0,1,1395.27,52357,6407,0.122371411654602,792,1.6,10.81,3289.1,0,9.94508,83103
"1806","Narvik","18","Nordland",1,6,0.274662394140536,0,1,1,3432.17,21845,3558,0.162874799725338,679,2,11.7,1133.1,1,20.9023,22226
"1811","Bindal","18","Nordland",1,0,0,0,0,1,1266.07,1426,311,0.218092566619916,417,1.1,4.63,63.5,0,19.06318,0
"1812","Sømna","18","Nordland",1,2,1.0126582278481,1,0,1,195.2,1975,358,0.18126582278481,499,1.15,7.9,77.4,0,51.47929,0
"1813","Brønnøy","18","Nordland",1,6,0.757862826828344,0,0,1,1046.01,7917,1142,0.144246558039661,608,1.85,8.96,374.2,0,39.09794,0
"1815","Vega","18","Nordland",1,3,2.5,1,0,1,164.79,1200,252,0.21,383,2.1,6.58,49.5,0,29.02338,0
"1816","Vevelstad","18","Nordland",1,0,0,0,0,1,539.05,462,103,0.222943722943723,368,NA,7.58,18.8,0,NA,0
"1818","Herøy (Nordland)","18","Nordland",1,0,0,0,0,1,64.46,1777,306,0.172200337647721,464,4.3,17.67,107.9,0,20.87542,0
"1820","Alstahaug","18","Nordland",1,3,0.402846783939842,0,0,1,188.12,7447,1188,0.159527326440177,653,2.1,12.03,350.3,0,45.09804,0
"1822","Leirfjord","18","Nordland",1,4,1.743679163034,1,0,1,465.26,2294,342,0.149084568439407,557,1.9,13.08,84.4,0,36.19984,0
"1824","Vefsn","18","Nordland",1,2,0.150625094140684,0,0,1,1929.41,13278,2271,0.171034794396746,688,1.65,7.61,714.3,0,31.67738,0
"1825","Grane","18","Nordland",1,1,0.674763832658569,0,0,1,2004.16,1482,279,0.188259109311741,478,1.3,12.48,60.2,0,59.49367,0
"1826","Aarborte - Hattfjelldal","18","Nordland",1,0,0,0,0,1,2684.32,1297,298,0.22976098689283,450,NA,7.25,52.4,0,46.16368,0
"1827","Dønna","18","Nordland",1,5,3.64697301239971,1,0,1,192.55,1371,264,0.192560175054705,420,1.05,9.7,71.6,0,19.82544,0
"1828","Nesna","18","Nordland",1,0,0,0,0,1,183.19,1761,279,0.158432708688245,492,2,17.55,82.8,0,23.18376,0
"1832","Hemnes","18","Nordland",1,1,0.224517287831163,0,0,1,1589.51,4454,855,0.191962281095644,561,1.55,6.51,211.1,0,25.06193,0
"1833","Rana","18","Nordland",1,6,0.229147571035747,0,0,1,4460.19,26184,4019,0.153490681332111,708,2.4,8.26,1422.5,0,29.17306,0
"1834","Lurøy","18","Nordland",1,0,0,0,0,1,265.19,1890,371,0.196296296296296,350,1.3,9.05,238.2,0,29.98138,0
"1835","Træna","18","Nordland",1,0,0,0,0,1,16.51,435,65,0.149425287356322,315,3.25,22.3,21.9,0,NA,0
"1836","Rødøy","18","Nordland",1,0,0,0,0,1,711.29,1213,215,0.17724649629019,330,1.1,6.1,64.8,0,16.20112,0
"1837","Meløy","18","Nordland",1,6,0.954198473282443,0,0,1,873.83,6288,1064,0.169211195928753,487,2.3,8.13,332.6,0,26.46593,0
"1838","Gildeskål","18","Nordland",1,0,0,0,0,1,664.7,1950,406,0.208205128205128,475,1.45,14.51,106,0,19.33014,0
"1839","Beiarn","18","Nordland",1,1,0.983284169124877,0,0,1,1222.32,1017,246,0.24188790560472,438,2.4,5.51,46.4,0,57.07155,0
"1840","Saltdal","18","Nordland",1,1,0.214086919289231,0,0,1,2216.19,4671,865,0.185185185185185,597,2.1,9.36,219.9,0,34.70032,0
"1841","Fauske - Fuossko","18","Nordland",1,0,0,0,0,1,1196.98,9739,1663,0.170756751206489,671,1.9,8.5,666.6,0,18.11136,0
"1845","Sørfold","18","Nordland",1,1,0.519210799584631,0,0,1,1637.42,1926,407,0.211318795430945,547,1.85,8,251.8,0,42.15962,0
"1848","Steigen","18","Nordland",1,2,0.766871165644172,0,0,1,1009.25,2608,540,0.207055214723926,398,2.95,11.46,234.2,0,40.8078,0
"1851","Lødingen","18","Nordland",1,0,0,0,0,1,527.41,2034,456,0.224188790560472,545,2.55,13.82,98.7,0,17.28931,0
"1853","Evenes","18","Nordland",1,0,0,0,0,1,252.78,1348,312,0.231454005934718,535,2.1,11.05,57.9,1,17.36029,0
"1856","Røst","18","Nordland",1,0,0,0,0,1,10.12,498,88,0.176706827309237,369,2.5,8.23,34.2,0,NA,0
"1857","Værøy","18","Nordland",1,0,0,0,0,1,18.64,728,131,0.179945054945055,385,4.4,16.48,48.8,0,8.83055,0
"1859","Flakstad","18","Nordland",1,6,4.71698113207547,1,0,1,178.39,1272,268,0.210691823899371,520,3.05,9.83,69.2,0,45.73991,0
"1860","Vestvågøy","18","Nordland",1,14,1.22452549637016,1,0,1,424.56,11433,1706,0.149217178343392,629,2.45,11.03,568.9,0,29.45559,0
"1865","Vågan","18","Nordland",1,3,0.312239800166528,0,0,1,479.17,9608,1442,0.150083263946711,652,1.8,15.66,499.2,0,15.28974,0
"1866","Hadsel","18","Nordland",1,4,0.496216350328743,0,0,1,566.55,8061,1393,0.172807344001985,599,2.75,13.2,456,0,26.27812,0
"1867","Bø","18","Nordland",1,0,0,0,0,1,246.7,2569,603,0.234721681588167,508,3.9,11.25,105.3,0,21.03226,0
"1868","Øksnes","18","Nordland",1,0,0,0,0,1,319.57,4410,728,0.165079365079365,588,2.45,13.04,310,0,36.30869,0
"1870","Sortland","18","Nordland",1,6,0.56785917092561,0,0,1,721.93,10566,1470,0.139125496876775,673,2.05,9.55,523.3,0,26.51013,0
"1871","Andøy","18","Nordland",1,0,0,0,0,1,656.15,4663,967,0.207377224962471,514,2,10.85,229.1,0,56.00298,38
"1874","Moskenes","18","Nordland",1,1,0.985221674876847,0,0,1,118.79,1015,214,0.210837438423645,440,3.05,19.9,55.7,0,NA,0
"1875","Hamarøy - Hábmer","18","Nordland",1,0,0,0,0,1,2020.45,2766,579,0.209327548806941,393,3.25,12.55,155.6,1,30.37975,0
"3001","Halden","30","Viken",0,41,1.30685621394192,1,3,0,642.31,31373,4906,0.156376502087782,847,3.6,15.72,1579.4,0,13.72272,0
"3002","Moss","30","Viken",0,130,2.63836178028535,1,6,0,137.77,49273,7700,0.156272197755363,909,3.1,20.45,2780.9,0,7.20751,0
"3003","Sarpsborg","30","Viken",0,89,1.56877952478319,1,1,0,405.6,56732,8300,0.146301910738208,877,3.8,20.44,3409.9,0,10.79048,0
"3004","Fredrikstad","30","Viken",0,131,1.59009528433574,1,2,0,292.56,82385,11988,0.145511925714633,872,3.8,18.95,4349.6,0,6.6432,0
"3005","Drammen","30","Viken",0,197,1.94306906278973,1,15,0,317.68,101386,13833,0.136438956068885,916,3.1,27.77,6716.5,0,7.96737,0
"3006","Kongsberg","30","Viken",0,22,0.793564910002525,0,0,0,793.09,27723,4102,0.147963784583198,846,2,17.03,2021.1,0,25.64335,0
"3007","Ringerike","30","Viken",0,26,0.848536274925753,0,0,0,1555.11,30641,4853,0.158382559315949,836,2.5,16.33,1765.5,0,24.33482,0
"3011","Hvaler","30","Viken",0,4,0.856898029134533,0,0,0,90.12,4668,930,0.199228791773779,724,2.95,6.34,263.5,0,13.04662,0
"3012","Aremark","30","Viken",0,2,1.50943396226415,1,0,0,319.27,1325,238,0.179622641509434,654,2.1,4.68,57.6,0,51.91847,0
"3013","Marker","30","Viken",0,3,0.834492350486787,0,0,0,412.9,3595,735,0.204450625869263,741,1.8,9.76,189.1,0,44.33263,0
"3014","Indre Østfold","30","Viken",0,62,1.38417574566887,1,0,0,791.93,44792,6563,0.146521700303626,860,2.85,19.17,2620.1,0,31.01139,0
"3015","Skiptvet","30","Viken",0,2,0.525624178712221,0,0,0,101.2,3805,519,0.136399474375821,794,1.55,11.83,177.9,0,40,0
"3016","Rakkestad","30","Viken",0,2,0.242277407631738,0,0,0,434.71,8255,1274,0.154330708661417,794,2.55,15.26,412.4,0,45.26448,0
"3017","Råde","30","Viken",0,5,0.66595631326585,0,0,0,118.77,7508,1235,0.164491209376665,841,2.95,14.57,412.5,0,21.41106,0
"3018","Våler (Viken)","30","Viken",0,0,0,0,0,0,256.96,5736,620,0.108089260808926,819,2.55,15.73,274.2,0,38.00225,0
"3019","Vestby","30","Viken",0,30,1.6627868307283,1,0,0,133.97,18042,2329,0.129087684292207,879,2.3,18.29,1123.6,0,8.36177,0
"3020","Nordre Follo","30","Viken",0,0,0,0,3,0,203,59288,7844,0.132303332883551,929,2.25,19.2,4378.1,0,7.09954,0
"3021","Ås","30","Viken",0,26,1.27207789030774,1,0,0,102.68,20439,2253,0.110230441802437,903,2.45,23.89,1331.4,0,12.46401,0
"3022","Frogn","30","Viken",0,32,2.01549411097814,1,1,0,85.7,15877,2531,0.159412987340178,903,1.8,13.6,1085,0,6.93193,0
"3023","Nesodden","30","Viken",0,52,2.65089722675367,1,1,0,61.46,19616,2364,0.120513866231648,848,1.95,15.65,1121.1,0,5.88344,0
"3024","Bærum","30","Viken",0,424,3.31947608646296,1,23,0,192.29,127731,16480,0.129021146002145,971,1.95,22.55,15261,0,3.37703,0
"3025","Asker","30","Viken",0,212,2.24478775108269,1,10,0,376.62,94441,12202,0.129202359144863,914,1.95,20.39,7966.7,0,5.97417,0
"3026","Aurskog-Høland","30","Viken",0,11,0.632547441058079,0,0,0,1144.8,17390,2637,0.151638872915469,793,2.25,15.32,888.1,0,25.53751,0
"3027","Rælingen","30","Viken",0,52,2.80626011872639,1,1,0,71.68,18530,1931,0.10420939017809,939,2,26.35,1059.4,0,6.96135,0
"3028","Enebakk","30","Viken",0,55,4.95049504950495,1,5,0,232.58,11110,1303,0.117281728172817,825,2.25,19.37,564.1,0,22.05995,0
"3029","Lørenskog","30","Viken",0,145,3.49734684032803,1,0,0,70.55,41460,4934,0.119006271104679,976,2.45,31.44,3088.1,0,7.37389,0
"3030","Lillestrøm","30","Viken",0,254,2.95407231662073,1,6,0,456.61,85983,10169,0.118267564518568,938,2.45,26.8,6118.1,0,11.9256,0
"3031","Nittedal","30","Viken",0,52,2.14441832652893,1,0,0,186.23,24249,2760,0.11381912656192,890,1.65,19.11,1589.5,0,10.5854,0
"3032","Gjerdrum","30","Viken",0,9,1.30624092888244,1,0,0,83.19,6890,811,0.117706821480406,885,1.35,17.02,451.3,0,22.5797,0
"3033","Ullensaker","30","Viken",0,82,2.06940063091483,1,2,0,252.45,39625,4015,0.101324921135647,915,3.3,28.61,2648.2,0,12.59983,0
"3034","Nes","30","Viken",0,22,0.952710895548242,0,0,0,640.77,23092,2870,0.124285466828339,820,2.25,15.87,1094.2,0,21.58003,0
"3035","Eidsvoll","30","Viken",0,44,1.72983173454946,1,0,0,456.5,25436,3157,0.124115426953924,845,2.3,18.2,1200.9,0,26.06702,0
"3036","Nannestad","30","Viken",0,17,1.20234811514251,1,0,0,340.98,14139,1407,0.0995119881179716,835,2.05,24.6,692,0,16.02063,0
"3037","Hurdal","30","Viken",0,2,0.700770847932726,0,0,0,284.95,2854,474,0.166082690960056,729,3.4,10.97,132.7,0,26.03196,0
"3038","Hole","30","Viken",0,10,1.47080453007795,1,0,0,192.68,6799,922,0.135608177673187,833,2.15,15.55,440.9,0,16.85393,0
"3039","Flå","30","Viken",0,1,0.952380952380952,0,0,0,704.41,1050,203,0.193333333333333,613,1.7,16.38,54.1,0,17.32026,0
"3040","Nesbyen","30","Viken",0,0,0,0,0,0,809.63,3273,644,0.196761380996028,636,1.5,12.5,199.4,0,17.6504,0
"3041","Gol","30","Viken",0,11,2.38715277777778,1,0,0,532.5,4608,821,0.178168402777778,679,1.1,17.45,266.2,0,24.60801,0
"3042","Hemsedal","30","Viken",0,8,3.21802091713596,1,0,0,753.52,2486,304,0.122284794851167,611,1.05,25.91,158.7,0,33.71041,0
"3043","Ål","30","Viken",0,11,2.35344458707745,1,0,0,1174.98,4674,827,0.176936243046641,651,1,11.19,299.2,0,33.98209,0
"3044","Hol","30","Viken",0,44,9.90767845079937,1,1,0,1854.54,4441,788,0.177437514073407,622,0.85,17.61,331.2,0,36.13518,0
"3045","Sigdal","30","Viken",0,0,0,0,0,0,842.36,3467,634,0.182867032016152,656,1.15,10.12,179,0,51.84783,0
"3046","Krødsherad","30","Viken",0,0,0,0,0,0,374.48,2212,361,0.163200723327306,633,1.7,13.88,143.3,0,NA,0
"3047","Modum","30","Viken",0,10,0.708466170740347,0,0,0,517.24,14115,2199,0.155791710945802,810,2.45,12.98,750.9,0,21.50883,0
"3048","Øvre Eiker","30","Viken",0,9,0.463368171755136,0,0,0,456.69,19423,2668,0.137362920249189,849,2.5,15.74,1175.1,0,29.1122,0
"3049","Lier","30","Viken",0,48,1.79030994740965,1,1,0,301.65,26811,3404,0.126962813770467,890,1.85,22.38,2218.2,0,10.92675,0
"3050","Flesberg","30","Viken",0,4,1.48809523809524,1,0,0,561.92,2688,450,0.167410714285714,695,1.3,11.09,143.6,0,49.56012,0
"3051","Rollag","30","Viken",0,1,0.719424460431655,0,0,0,449.29,1390,285,0.205035971223022,578,2.1,9.14,70.5,0,61.93029,0
"3052","Nore og Uvdal","30","Viken",0,3,1.230012300123,1,0,0,2502.16,2439,469,0.192291922919229,532,1.1,10.78,151.8,0,34.71139,0
"3053","Jevnaker","30","Viken",0,7,1.02159953298307,1,0,0,225.71,6852,1039,0.151634559252773,794,2.25,11.87,345.7,0,16.9289,0
"3054","Lunner","30","Viken",0,13,1.4367816091954,1,0,0,291.84,9048,1255,0.138704686118479,787,2.15,12.64,471.4,0,22.18135,0
"3401","Kongsvinger","34","Innlandet",0,9,0.504795557799091,0,0,0,1036.45,17829,3290,0.184530820573223,794,2.4,14.12,913.7,0,23.47149,0
"3403","Hamar","34","Innlandet",0,82,2.61404571392139,1,0,0,350.94,31369,5386,0.171698173355861,871,2.2,14.58,2460.7,0,7.96736,0
"3405","Lillehammer","34","Innlandet",0,41,1.44646322102664,1,2,0,478.16,28345,4476,0.157911448227201,820,1.45,13.88,1999.4,0,17.27898,0
"3407","Gjøvik","34","Innlandet",0,25,0.818062827225131,0,0,0,672.25,30560,4708,0.154057591623037,808,2.3,15.63,1643.7,0,22.45757,0
"3411","Ringsaker","34","Innlandet",0,66,1.89829728485964,1,1,0,1280.09,34768,5342,0.153647031753336,780,1.9,11.1,1953.6,0,25.20079,0
"3412","Løten","34","Innlandet",0,12,1.56372165754496,1,0,0,369.44,7674,1232,0.160542090174616,792,3.05,10.09,326.5,0,51.98556,0
"3413","Stange","34","Innlandet",0,35,1.66160273452336,1,0,0,724.27,21064,3193,0.151585643752374,817,2.25,12.12,1027.4,0,23.78917,0
"3414","Nord-Odal","34","Innlandet",0,5,0.996810207336523,0,0,0,508.14,5016,989,0.197169059011164,716,1.85,5.26,226.8,0,33.99209,0
"3415","Sør-Odal","34","Innlandet",0,38,4.80708412397217,1,2,0,516.74,7905,1241,0.156989247311828,774,1.75,9.54,371.4,0,18.96197,0
"3416","Eidskog","34","Innlandet",0,4,0.655093350802489,0,0,0,640.39,6106,1202,0.196855551916148,700,2.95,9.11,260.1,0,35.76367,0
"3417","Grue","34","Innlandet",0,6,1.3009540329575,1,0,0,837.18,4612,1061,0.230052038161318,657,2.7,9.5,208.1,0,30.84619,0
"3418","Åsnes","34","Innlandet",0,2,0.27766208524226,0,1,0,1040.93,7203,1515,0.210329029571012,657,2.1,7.76,300.1,0,40.20873,0
"3419","Våler (Innlandet)","34","Innlandet",0,0,0,0,0,0,705.29,3662,776,0.21190606226106,662,2.45,8.96,156.1,0,25.56762,0
"3420","Elverum","34","Innlandet",0,18,0.846899407170415,0,0,0,1229.28,21254,3291,0.154841441610991,776,2.45,12.07,1075.3,0,23.77347,0
"3421","Trysil","34","Innlandet",0,14,2.112569790252,1,0,0,3014.41,6627,1354,0.204315678285801,607,1.9,12.9,322.9,0,39.12117,0
"3422","Åmot","34","Innlandet",0,4,0.918273645546373,0,0,0,1339.92,4356,750,0.172176308539945,634,1.85,8.68,201.3,0,40.11353,0
"3423","Stor-Elvdal","34","Innlandet",0,0,0,0,0,0,2165.78,2419,543,0.224472922695329,540,2.15,12.57,90.6,0,30.28701,0
"3424","Rendalen","34","Innlandet",0,0,0,0,0,0,3179.52,1780,416,0.233707865168539,482,2.25,8.37,67.7,0,35.27305,0
"3425","Engerdal","34","Innlandet",0,6,4.73186119873817,1,0,0,2196.55,1268,300,0.236593059936909,428,1.55,9.54,51.4,0,NA,0
"3426","Tolga","34","Innlandet",0,0,0,0,0,0,1122.6,1562,250,0.160051216389245,538,1.6,14.72,70.7,0,41.62996,0
"3427","Tynset","34","Innlandet",0,0,0,0,0,0,1880.5,5578,882,0.158121190390821,641,1.2,13.09,280.5,0,50.04969,0
"3428","Alvdal","34","Innlandet",0,1,0.411184210526316,0,1,0,942.15,2432,383,0.157483552631579,575,0.75,8.68,116.1,0,38.84418,0
"3429","Folldal","34","Innlandet",0,0,0,0,0,0,1276.88,1545,358,0.231715210355987,498,1.15,6.54,60.8,0,38.84965,0
"3430","Os","34","Innlandet",0,1,0.528820729772607,0,0,0,1040.41,1891,357,0.188789000528821,565,0.95,12.74,96.7,0,55.71178,0
"3431","Dovre","34","Innlandet",0,5,1.95848021934978,1,0,0,1364.39,2553,537,0.210340775558167,564,2,9.4,108.1,0,33.26226,0
"3432","Lesja","34","Innlandet",0,2,1.0126582278481,1,0,0,2259.5,1975,368,0.186329113924051,518,1.4,8.15,83.7,0,48.55596,0
"3433","Skjåk","34","Innlandet",0,2,0.910332271279017,0,0,0,2075.52,2197,466,0.212107419208011,541,2.1,6.78,107.4,0,60.94488,0
"3434","Lom","34","Innlandet",0,3,1.34649910233393,1,0,0,1968.56,2228,410,0.184021543985637,551,2.15,6.24,110.3,0,40.76655,0
"3435","Vågå","34","Innlandet",0,2,0.560224089635854,0,0,0,1330,3570,682,0.191036414565826,610,2.3,6.11,213.4,0,33.92585,0
"3436","Nord-Fron","34","Innlandet",0,13,2.2715359077407,1,0,0,1141.33,5723,1124,0.196400489253888,638,2.85,8.16,318.2,0,26.44429,0
"3437","Sel","34","Innlandet",0,38,6.62136260672591,1,0,0,905.05,5739,1096,0.190974037288726,630,3.35,7.61,215.9,0,57.94109,0
"3438","Sør-Fron","34","Innlandet",0,4,1.28246232766912,1,0,0,742.21,3119,550,0.176338570054505,622,2.5,11.57,147.1,0,52.4359,0
"3439","Ringebu","34","Innlandet",0,9,2.04918032786885,1,1,0,1247.58,4392,871,0.198315118397086,649,1.9,11.29,226.5,0,27.55977,0
"3440","Øyer","34","Innlandet",0,2,0.392156862745098,0,0,0,639.92,5100,836,0.163921568627451,699,1.5,14.39,251.9,0,43.80008,0
"3441","Gausdal","34","Innlandet",0,6,0.982640026203734,0,0,0,1191.16,6106,1105,0.180969538159188,686,0.95,7.6,294.2,0,44.15543,0
"3442","Østre Toten","34","Innlandet",0,7,0.467508181393174,0,0,0,562.57,14973,2589,0.172911240232418,742,2.25,10.47,785,0,29.91158,0
"3443","Vestre Toten","34","Innlandet",0,15,1.11715200714977,1,0,0,249.52,13427,2214,0.164891636255306,782,2.55,10.56,697.1,0,23.15339,0
"3446","Gran","34","Innlandet",0,18,1.32061628760088,1,0,0,756.65,13630,2286,0.167718268525312,796,2.15,11.35,733,0,20.38134,0
"3447","Søndre Land","34","Innlandet",0,5,0.890154886950329,0,0,0,728.36,5617,986,0.175538543706605,694,2.45,9.68,232.1,0,16.30475,0
"3448","Nordre Land","34","Innlandet",0,1,0.150761344791196,0,0,0,955.32,6633,1181,0.178049148198402,688,1.95,8.62,299.7,0,39.01345,0
"3449","Sør-Aurdal","34","Innlandet",0,0,0,0,0,0,1109.05,2954,600,0.2031144211239,578,1.9,8.29,128.8,0,49.13628,0
"3450","Etnedal","34","Innlandet",0,0,0,0,0,0,459.15,1279,265,0.207193119624707,587,1.25,9.15,50.2,0,45.46703,0
"3451","Nord-Aurdal","34","Innlandet",0,10,1.55933260564478,1,1,0,906.48,6413,1172,0.182753781381569,681,1.7,10.98,322.4,0,36.65187,0
"3452","Vestre Slidre","34","Innlandet",0,1,0.470588235294118,0,0,0,463.3,2125,379,0.178352941176471,593,1.4,9.65,110.8,0,56.01469,0
"3453","Øystre Slidre","34","Innlandet",0,0,0,0,0,0,963.1,3229,556,0.172189532362961,599,1.3,12.64,167.6,0,52.26986,0
"3454","Vang","34","Innlandet",0,0,0,0,0,0,1505.45,1578,292,0.185044359949303,537,1.95,17.43,78.3,0,24.16107,0
"3801","Horten","38","Vestfold og Telemark",0,29,1.06029030017184,1,0,0,70.96,27351,4318,0.157873569522138,875,3.6,16.48,1413.2,0,4.51575,0
"3802","Holmestrand","38","Vestfold og Telemark",0,23,0.93121178995101,0,0,0,432.36,24699,3650,0.147779262318312,845,2.85,14.24,1274.7,0,12.53484,0
"3803","Tønsberg","38","Vestfold og Telemark",0,65,1.15467287229318,1,3,0,329.26,56293,7788,0.138347574298758,877,3,14.72,3659.3,0,12.59936,0
"3804","Sandefjord","38","Vestfold og Telemark",0,46,0.721410200112916,0,1,0,422.26,63764,9258,0.145191644187943,859,3.05,18.56,3625.3,0,10.00565,1732584
"3805","Larvik","38","Vestfold og Telemark",0,41,0.868570460130497,0,0,0,812.89,47204,7584,0.160664350478773,848,2.15,14.65,2558,0,11.09442,0
"3806","Porsgrunn","38","Vestfold og Telemark",0,10,0.274747918784515,0,0,0,164.45,36397,5509,0.151358628458389,851,3.1,13.65,2803,0,9.12799,0
"3807","Skien","38","Vestfold og Telemark",0,43,0.782643514979433,0,1,0,779.2,54942,8312,0.151286811546722,847,3.3,17.41,2975.6,0,10.32086,0
"3808","Notodden","38","Vestfold og Telemark",0,4,0.306536899379263,0,1,0,983.89,13049,2157,0.165300022990267,769,2.95,13.34,661,0,15.77223,0
"3811","Færder","38","Vestfold og Telemark",0,24,0.897867564534231,0,0,0,99.95,26730,4354,0.162888140665918,844,2.9,13.52,1522.9,0,12.91513,0
"3812","Siljan","38","Vestfold og Telemark",0,2,0.854700854700855,0,0,0,213.96,2340,374,0.15982905982906,735,1.8,8.63,110,0,43.09816,0
"3813","Bamble","38","Vestfold og Telemark",0,5,0.355593485527345,0,0,0,304.37,14061,2290,0.162861816371524,781,2.9,9.81,768,0,14.0052,0
"3814","Kragerø","38","Vestfold og Telemark",0,2,0.192678227360308,0,0,0,305.47,10380,2015,0.194123314065511,740,2.85,12.2,519.9,0,19.77802,0
"3815","Drangedal","38","Vestfold og Telemark",0,1,0.246305418719212,0,0,0,1062.78,4060,699,0.172167487684729,648,2,9.78,179.5,0,45.62615,0
"3816","Nome","38","Vestfold og Telemark",0,7,1.07444359171143,1,0,0,429.68,6515,1138,0.174673829623945,706,2.15,14.11,335.4,0,33.40426,0
"3817","Midt-Telemark","38","Vestfold og Telemark",0,0,0,0,0,0,518.51,10444,1561,0.149463806970509,721,2.05,14.98,502.5,0,30.86028,0
"3818","Tinn","38","Vestfold og Telemark",0,1,0.175716042874714,0,0,0,2045.13,5691,1073,0.188543314004569,598,1.75,13.51,366.8,0,28.35821,0
"3819","Hjartdal","38","Vestfold og Telemark",0,1,0.635727908455181,0,1,0,791.61,1573,315,0.200254291163382,583,1.55,8.46,88.3,0,44.04894,0
"3820","Seljord","38","Vestfold og Telemark",0,1,0.346260387811634,0,0,0,715.09,2888,522,0.180747922437673,630,1.6,9.94,150.5,0,43.93359,0
"3821","Kviteseid","38","Vestfold og Telemark",0,0,0,0,0,0,708.47,2403,420,0.17478152309613,593,2.25,8.45,128.4,0,33.38645,0
"3822","Nissedal","38","Vestfold og Telemark",0,0,0,0,0,0,905.17,1448,243,0.167817679558011,548,2.5,12.29,73.9,0,37.51479,0
"3823","Fyresdal","38","Vestfold og Telemark",0,0,0,0,0,0,1280.13,1287,229,0.177933177933178,497,1.5,12.43,61,0,34.08488,0
"3824","Tokke","38","Vestfold og Telemark",0,0,0,0,0,0,984.48,2201,385,0.174920490686052,529,1.4,9.27,169.3,0,43.54331,0
"3825","Vinje","38","Vestfold og Telemark",0,3,0.816104461371056,0,0,0,3105.85,3676,624,0.16974972796518,539,1.2,10.94,241.6,0,52.63158,0
"4201","Risør","42","Agder",0,0,0,0,0,0,192.97,6809,1295,0.190189455132912,687,2.55,12.28,313.1,0,5.59422,0
"4202","Grimstad","42","Agder",0,3,0.127420998980632,0,0,0,303.59,23544,3022,0.128355419639823,806,2.9,15.42,1169.6,0,9.89472,0
"4203","Arendal","42","Agder",0,35,0.777795062112491,0,1,0,270.21,44999,6511,0.144692104268984,796,3.05,14.75,2454.3,0,6.94001,0
"4204","Kristiansand","42","Agder",0,234,2.09615436295719,1,8,0,644.16,111633,13325,0.119364345668396,833,2.75,17.94,7359.8,0,4.5983,328281
"4205","Lindesnes","42","Agder",0,12,0.520697734964853,0,1,0,934.32,23046,3333,0.144623795886488,740,2.3,12.49,1113.7,0,11.39133,0
"4206","Farsund","42","Agder",0,11,1.13507377979569,1,0,0,262.56,9691,1562,0.161180476730988,688,1.7,11.16,471.4,0,8.77014,0
"4207","Flekkefjord","42","Agder",0,0,0,0,0,0,544.07,9028,1486,0.164599025254763,689,2.4,14.8,489.5,0,19.18514,0
"4211","Gjerstad","42","Agder",0,2,0.823723228995058,0,0,0,322.14,2428,420,0.172981878088962,652,2.8,11.29,114.5,0,33.71805,0
"4212","Vegårshei","42","Agder",0,0,0,0,0,0,355.65,2097,276,0.131616595135908,648,1.7,10.4,93.8,0,26.35408,0
"4213","Tvedestrand","42","Agder",0,2,0.330414670411366,0,0,0,215.05,6053,1022,0.168841896580208,703,3.15,11.93,286.6,0,19.23313,0
"4214","Froland","42","Agder",0,2,0.336077970089061,0,0,0,644.54,5951,701,0.117795328516216,720,2.95,10.03,315.3,0,22.78618,0
"4215","Lillesand","42","Agder",0,9,0.8127144663175,0,0,0,190.43,11074,1525,0.137709951237132,780,1.9,12.26,619.4,0,7.19503,0
"4216","Birkenes","42","Agder",0,4,0.765403750478377,0,0,0,637.36,5226,649,0.124186758515117,700,1.85,12.63,228.7,0,33.29298,0
"4217","Åmli","42","Agder",0,1,0.544662309368192,0,0,0,1130.61,1836,294,0.160130718954248,570,2.9,16.39,86.3,0,46.96017,0
"4218","Iveland","42","Agder",0,2,1.50262960180316,1,0,0,261.63,1331,144,0.108189331329827,623,1.45,14.12,59.1,0,35.72433,0
"4219","Evje og Hornnes","42","Agder",0,2,0.550357732526142,0,0,0,587.08,3634,565,0.155476059438635,691,1.65,13.59,179.1,0,13.49424,0
"4220","Bygland","42","Agder",0,2,1.72117039586919,1,0,0,1311.75,1162,212,0.182444061962134,554,2.55,7.83,56,0,27.66571,0
"4221","Valle","42","Agder",0,0,0,0,0,0,1265.26,1164,207,0.177835051546392,465,1.3,10.65,82.7,0,40.4908,0
"4222","Bykle","42","Agder",0,3,3.10880829015544,1,0,0,1467.1,965,106,0.109844559585492,457,1.15,20.21,113.8,0,21.22371,0
"4223","Vennesla","42","Agder",0,21,1.42141600108298,1,0,0,384.48,14774,1739,0.117706782184919,759,2.45,12.81,699.2,0,22.83171,0
"4224","Åseral","42","Agder",0,0,0,0,0,0,887.52,932,118,0.126609442060086,544,1.95,11.16,66.6,0,29.56522,0
"4225","Lyngdal","42","Agder",0,4,0.385914134105162,0,0,0,642.8,10365,1321,0.12744814278823,686,2.1,13.56,505.6,0,17.79104,0
"4226","Hægebostad","42","Agder",0,1,0.595238095238095,0,0,0,461.33,1680,238,0.141666666666667,583,1.2,7.5,84.1,0,38.52544,0
"4227","Kvinesdal","42","Agder",0,1,0.167028561884082,0,0,0,963.22,5987,865,0.144479706029731,648,2.55,10.84,323.5,0,21.73363,0
"4228","Sirdal","42","Agder",0,1,0.548847420417124,0,0,0,1554.29,1822,285,0.15642151481888,588,1.05,12.02,169,0,19.63636,0
"4601","Bergen","46","Vestland",0,584,2.05685224122932,1,31,0,464.71,283929,34460,0.121368370261579,895,2.5,18.36,23150.1,0,5.31496,2415039
"4602","Kinn","46","Vestland",0,9,0.523042947637589,0,0,1,812.3,17207,2391,0.138955076422386,663,2.05,14.26,1287.6,0,19.221,0
"4611","Etne","46","Vestland",0,4,0.984736582964057,0,0,0,735.28,4062,658,0.161989167897587,592,2.55,10.76,214.6,0,38.47203,0
"4612","Sveio","46","Vestland",0,6,1.04058272632674,1,0,0,246.15,5766,724,0.12556364897676,673,2.05,11.83,266.3,0,18.82189,0
"4613","Bømlo","46","Vestland",0,5,0.418165091578155,0,0,0,246.57,11957,1600,0.13381282930501,640,1.7,12.08,739.2,0,10.35599,0
"4614","Stord","46","Vestland",0,6,0.319846473692628,0,0,0,143.73,18759,2429,0.129484514099899,743,1.75,12.4,1335.3,0,13.27009,0
"4615","Fitjar","46","Vestland",0,8,2.50862339291314,1,0,0,142.46,3189,413,0.129507682659141,606,1.8,9.09,167.3,0,17.33653,0
"4616","Tysnes","46","Vestland",0,0,0,0,0,0,255.12,2869,586,0.204252352736145,557,2.05,10.53,165.7,0,25.4386,0
"4617","Kvinnherad","46","Vestland",0,5,0.382526203044909,0,0,0,1090.75,13071,2264,0.173207864738735,581,1.55,8.38,695,0,22.75149,0
"4618","Ullensvang","46","Vestland",0,0,0,0,0,1,3236.63,11048,2108,0.1908037653874,587,1.55,12.01,689.5,0,28.42885,0
"4619","Eidfjord","46","Vestland",0,0,0,0,0,0,1491.5,906,154,0.169977924944812,537,3.9,11.59,82.8,0,40.15444,0
"4620","Ulvik","46","Vestland",0,2,1.85185185185185,1,0,0,722.01,1080,218,0.201851851851852,541,2.85,16.94,58.4,0,31.47287,0
"4621","Voss","46","Vestland",0,24,1.52477763659466,1,0,0,2041.97,15740,2659,0.168932655654384,721,1.7,10.27,898.7,0,33.14334,0
"4622","Kvam","46","Vestland",0,9,1.06420716566158,1,0,0,616.93,8457,1506,0.178077332387371,675,1.4,11.71,443.1,0,29.13907,0
"4623","Samnanger","46","Vestland",0,0,0,0,0,0,269.07,2485,418,0.168209255533199,686,1.8,9.3,125,0,11.28668,0
"4624","Bjørnafjorden","46","Vestland",0,17,0.682511642845672,0,1,0,517.41,24908,3138,0.125983619720572,762,2.65,13.15,1393.1,0,15.14074,0
"4625","Austevoll","46","Vestland",0,5,0.954927425515661,0,0,0,117.19,5236,697,0.133116883116883,580,1.95,12.68,569,0,8.08044,0
"4626","Øygarden","46","Vestland",0,54,1.40933291575321,1,0,0,314.51,38316,4201,0.10964088109406,773,2.9,12.05,2077.2,0,8.44658,0
"4627","Askøy","46","Vestland",0,41,1.38733800291003,1,1,0,101.12,29553,3273,0.110750177646939,811,2.2,10.64,1514.8,0,5.09465,0
"4628","Vaksdal","46","Vestland",0,1,0.251445813427206,0,0,0,715.38,3977,699,0.175760623585617,645,2.1,11.24,194.2,0,18.88889,0
"4629","Modalen","46","Vestland",0,0,0,0,0,0,411.99,388,57,0.146907216494845,528,5.2,9.02,43.7,0,NA,0
"4630","Osterøy","46","Vestland",0,41,5.06297851321314,1,0,0,255.12,8098,1175,0.14509755495184,704,1.9,10.71,421.5,0,20.14839,0
"4631","Alver","46","Vestland",0,27,0.923898165891048,0,0,0,679.05,29224,3896,0.133315083493019,734,1.9,10.1,1527.6,0,18.49205,0
"4632","Austrheim","46","Vestland",0,0,0,0,0,0,57.56,2870,512,0.178397212543554,643,2.5,14.46,189.3,0,14.02525,0
"4633","Fedje","46","Vestland",0,0,0,0,0,0,9.27,548,113,0.206204379562044,410,NA,10.58,28.5,0,NA,0
"4634","Masfjorden","46","Vestland",0,0,0,0,0,0,556.09,1691,327,0.19337670017741,535,0.9,9.11,97.9,0,20.12384,0
"4635","Gulen","46","Vestland",0,0,0,0,0,0,597.22,2297,422,0.183717892903788,464,1.15,12.89,164.5,0,45.53991,0
"4636","Solund","46","Vestland",0,3,3.74064837905237,1,0,1,228.21,802,161,0.20074812967581,350,2,15.84,45.2,0,51.48064,0
"4637","Hyllestad","46","Vestland",0,0,0,0,0,1,258.9,1328,293,0.220632530120482,487,1.5,13.7,77.8,0,41.22563,0
"4638","Høyanger","46","Vestland",0,3,0.731528895391368,0,0,1,1003.04,4101,751,0.183126066812972,541,2.75,10.66,225.1,0,30.76229,0
"4639","Vik","46","Vestland",0,0,0,0,0,1,833.23,2635,548,0.207969639468691,533,0.8,12.37,203.9,0,41.63775,0
"4640","Sogndal","46","Vestland",0,7,0.59086688613151,0,0,1,1257.89,11847,1630,0.13758757491348,649,1.35,12.75,647.3,0,43.11796,0
"4641","Aurland","46","Vestland",0,0,0,0,0,0,1467.7,1781,298,0.167321729365525,526,1.8,16.84,153.4,0,44.28152,0
"4642","Lærdal","46","Vestland",0,0,0,0,0,1,1342.53,2126,392,0.184383819379116,552,2.2,13.78,140.1,0,28.3237,0
"4643","Årdal","46","Vestland",0,1,0.192566917003659,0,0,1,976.59,5193,967,0.186212208742538,595,1.4,9.9,326.9,0,35.62024,0
"4644","Luster","46","Vestland",0,4,0.773096250483185,0,0,1,2706.35,5174,851,0.164476227290298,562,1,8.56,295.2,0,51.3096,0
"4645","Askvoll","46","Vestland",0,0,0,0,0,1,326.23,3011,625,0.207572235137828,505,1.55,8.04,161.6,0,28.3365,0
"4646","Fjaler","46","Vestland",0,0,0,0,0,1,416.59,2802,498,0.177730192719486,561,0.7,13.42,139.5,0,30.82192,0
"4647","Sunnfjord","46","Vestland",0,18,0.817067635043123,0,0,1,2208.13,22030,2744,0.124557421697685,678,1.3,10.67,1437.1,0,26.29218,0
"4648","Bremanger","46","Vestland",0,0,0,0,0,0,833.1,3629,749,0.206392945715073,471,1.8,16.09,271.5,0,25.63591,0
"4649","Stad","46","Vestland",0,0,0,0,0,1,752.78,9457,1541,0.162948080786719,597,1.5,10.74,451.5,0,27.63889,0
"4650","Gloppen","46","Vestland",0,5,0.854116843184148,0,0,1,1030.57,5854,1016,0.173556542535019,620,0.9,11.26,406.1,0,48.69159,0
"4651","Stryn","46","Vestland",0,13,1.82328190743338,1,0,1,1382.06,7130,1079,0.151332398316971,603,1.55,17.87,373.1,0,33.96226,0
"5001","Trondheim","50","Trøndelag – Trööndelage",0,353,1.72058314608385,1,2,0,528.6,205163,22634,0.110322036624538,891,2,16.29,15114.7,0,7.08771,910017
"5006","Steinkjer","50","Trøndelag – Trööndelage",0,20,0.821119185449768,0,0,0,2122.06,24357,4140,0.169971671388102,719,2.75,9.51,1621.8,0,44.8737,0
"5007","Namsos","50","Trøndelag – Trööndelage",0,5,0.328299409061064,0,0,0,2132.63,15230,2422,0.159028233749179,693,1.8,9.41,705.5,0,25.32189,0
"5014","Frøya","50","Trøndelag – Trööndelage",0,0,0,0,0,1,241.31,5151,660,0.128130460104834,533,3.05,27.51,353.7,0,18.94556,0
"5020","Osen","50","Trøndelag – Trööndelage",0,0,0,0,0,0,387.1,948,227,0.239451476793249,462,2.4,5.7,39.5,0,22.08589,0
"5021","Oppdal","50","Trøndelag – Trööndelage",0,8,1.1426939008713,1,0,1,2274.12,7001,1204,0.171975432081131,650,1.65,10.58,333.7,0,40.2981,0
"5022","Rennebu","50","Trøndelag – Trööndelage",0,5,2.01126307320998,1,0,1,947.96,2486,514,0.206757843925986,595,2.2,8.29,101,0,31.47887,0
"5025","Røros","50","Trøndelag – Trööndelage",0,0,0,0,0,0,1956.46,5581,1069,0.191542734277011,650,1.55,9.57,291.8,0,21.11745,72
"5026","Holtålen","50","Trøndelag – Trööndelage",0,1,0.504795557799091,0,0,0,1209.49,1981,414,0.208985360928824,520,0.9,5.96,84,0,27.14617,0
"5027","Midtre Gauldal","50","Trøndelag – Trööndelage",0,7,1.12215453671048,1,0,0,1860.51,6238,995,0.159506252003847,652,1.7,13.95,296.3,0,37.05372,0
"5028","Melhus","50","Trøndelag – Trööndelage",0,3,0.179286439968924,0,0,0,694.41,16733,2251,0.134524592123349,770,2.25,9.33,831.2,0,30.33007,0
"5029","Skaun","50","Trøndelag – Trööndelage",0,5,0.600600600600601,0,0,0,224.21,8325,926,0.111231231231231,736,1.8,6.99,376,0,31.16816,0
"5031","Malvik","50","Trøndelag – Trööndelage",0,11,0.777495052304213,0,0,0,168.44,14148,1514,0.107011591744416,811,2.2,11.11,748.3,0,17.47392,0
"5032","Selbu","50","Trøndelag – Trööndelage",0,6,1.47710487444609,1,0,0,1234.85,4062,738,0.181683899556869,657,1.55,6.72,227.1,0,25.51362,0
"5033","Tydal","50","Trøndelag – Trööndelage",0,0,0,0,0,0,1328.59,769,165,0.214564369310793,493,NA,5.33,50.5,0,69.16996,0
"5034","Meråker","50","Trøndelag – Trööndelage",0,1,0.412881915772089,0,0,0,1273.94,2422,460,0.189925681255161,618,2.9,11.6,104.5,0,32.82559,0
"5035","Stjørdal","50","Trøndelag – Trööndelage",0,9,0.372747980948437,0,0,0,938.27,24145,3419,0.141602816318078,801,1.65,9.74,1211.5,0,38.46343,0
"5036","Frosta","50","Trøndelag – Trööndelage",0,29,11.0392082223068,1,0,0,76.32,2627,476,0.181195279786829,670,2.55,11.15,105.8,0,27.87795,0
"5037","Levanger","50","Trøndelag – Trööndelage",0,21,1.04146002777227,1,0,0,645.81,20164,2864,0.142035310454275,755,2.3,9.63,1125.7,0,30.56263,0
"5038","Verdal","50","Trøndelag – Trööndelage",0,14,0.936580144500937,0,0,0,1547.77,14948,2319,0.155137811078405,749,2.75,7.59,698.8,0,51.10538,0
"5041","Snåase - Snåsa","50","Trøndelag – Trööndelage",0,0,0,0,0,0,2342.66,2063,411,0.199224430441105,541,1.9,7.03,79.1,0,48.64865,0
"5042","Lierne","50","Trøndelag – Trööndelage",0,0,0,0,0,0,2961.71,1355,274,0.202214022140221,400,NA,9.67,62.8,0,35.39095,0
"5043","Raarvihke - Røyrvik","50","Trøndelag – Trööndelage",0,0,0,0,0,0,1584.75,461,101,0.219088937093275,383,2.6,9.76,20,0,NA,0
"5044","Namsskogan","50","Trøndelag – Trööndelage",0,0,0,0,0,0,1417.16,843,192,0.227758007117438,428,1.85,9.37,44.6,0,21.30518,0
"5045","Grong","50","Trøndelag – Trööndelage",0,3,1.27172530733362,1,0,0,1136.17,2359,439,0.186095803306486,579,2.1,12.21,121.7,0,50.55597,0
"5046","Høylandet","50","Trøndelag – Trööndelage",0,1,0.812347684809098,0,0,0,754.68,1231,253,0.205523964256702,513,1.1,5.44,50.8,0,61.68091,0
"5047","Overhalla","50","Trøndelag – Trööndelage",0,4,1.02986611740474,1,0,0,729.79,3884,543,0.139804325437693,614,1.95,9.65,261.3,0,59.57884,0
"5049","Flatanger","50","Trøndelag – Trööndelage",0,0,0,0,0,0,458.71,1103,207,0.187669990933817,464,2.2,12.96,76.1,0,34.97024,0
"5052","Leka","50","Trøndelag – Trööndelage",0,0,0,0,0,0,110.13,557,134,0.240574506283662,392,NA,10.23,24.4,0,43.37662,0
"5053","Inderøy","50","Trøndelag – Trööndelage",0,8,1.17370892018779,1,0,0,365.67,6816,1119,0.164172535211268,678,1.75,6.46,322.1,0,44.25703,0
"5054","Indre Fosen","50","Trøndelag – Trööndelage",0,2,0.198333994446648,0,0,0,1095.98,10084,1789,0.177409758032527,615,1.9,8.88,472.4,0,26.15819,0
"5055","Heim","50","Trøndelag – Trööndelage",0,2,0.335401643468053,0,0,1,1024.58,5963,1127,0.188998826094248,596,1.9,7.58,295.2,0,33.09465,0
"5056","Hitra","50","Trøndelag – Trööndelage",0,2,0.396039603960396,0,0,1,755.89,5050,840,0.166336633663366,535,2.4,20.55,268.3,0,11.8659,0
"5057","Ørland","50","Trøndelag – Trööndelage",0,12,1.162452775356,1,0,1,457.07,10323,1662,0.160999709386806,604,2.15,7.81,505.3,0,33.17937,0
"5058","Åfjord","50","Trøndelag – Trööndelage",0,1,0.233208955223881,0,0,0,1329.42,4288,826,0.192630597014925,502,1.7,8.16,207.5,0,31.08852,0
"5059","Orkland","50","Trøndelag – Trööndelage",0,16,0.878300488554647,0,0,1,1906.26,18217,2973,0.16319920952956,722,1.65,9.75,911.6,0,31.29652,0
"5060","Nærøysund","50","Trøndelag – Trööndelage",0,0,0,0,0,0,1346.16,9623,1429,0.148498389275694,563,1.9,11.09,596.3,0,23.28132,0
"5061","Rindal","50","Trøndelag – Trööndelage",0,0,0,0,0,1,631.95,2003,394,0.196704942586121,592,1.25,3,88.8,0,42.5492,0
"5401","Tromsø","54","Troms og Finnmark – Romsa ja Finnmárku – Tromssa ja Finmarkku",1,170,2.2085379478785,1,2,1,2521.27,76974,7882,0.102398212383402,804,1.55,15.11,5216.6,1,10.95115,233103
"5402","Harstad - Hárstták","54","Troms og Finnmark – Romsa ja Finnmárku – Tromssa ja Finmarkku",1,0,0,0,0,1,445.21,24703,3824,0.154799012265717,737,1.95,10.52,1201.4,0,17.80787,22226
"5403","Alta","54","Troms og Finnmark – Romsa ja Finnmárku – Tromssa ja Finmarkku",1,6,0.288614170955794,0,0,1,3849.6,20789,2229,0.107220164510077,709,1.95,10.34,910.8,1,14.38682,2601
"5404","Vardø","54","Troms og Finnmark – Romsa ja Finnmárku – Tromssa ja Finmarkku",1,1,0.492853622474125,0,0,1,600.61,2029,362,0.178413011335633,509,4.15,18.38,67.5,0,20.62147,0
"5405","Vadsø","54","Troms og Finnmark – Romsa ja Finnmárku – Tromssa ja Finmarkku",1,3,0.518313752591569,0,0,1,1257.85,5788,887,0.15324809951624,632,2.4,15.6,242.6,0,19.44917,0
"5406","Hammerfest","54","Troms og Finnmark – Romsa ja Finnmárku – Tromssa ja Finmarkku",1,15,1.31027253668763,1,0,1,2692.57,11448,1501,0.131114605171209,676,2.4,18.86,538.9,1,9.82022,0
"5411","Kvæfjord","54","Troms og Finnmark – Romsa ja Finnmárku – Tromssa ja Finmarkku",1,1,0.352236703064459,0,0,1,512.61,2839,508,0.178936245156745,586,1.8,9.93,114.5,0,28.61054,0
"5412","Tjeldsund","54","Troms og Finnmark – Romsa ja Finnmárku – Tromssa ja Finmarkku",1,1,0.23719165085389,0,0,1,814.33,4216,889,0.210863377609108,538,2,8.56,189,1,12.85195,0
"5413","Ibestad","54","Troms og Finnmark – Romsa ja Finnmárku – Tromssa ja Finmarkku",1,0,0,0,0,0,241.07,1361,344,0.252755326965467,438,2.6,11.32,73.1,0,19.28747,0
"5414","Gratangen","54","Troms og Finnmark – Romsa ja Finnmárku – Tromssa ja Finmarkku",1,0,0,0,0,1,312.75,1091,219,0.200733272227314,496,2.6,14.3,58.6,1,46.20811,0
"5415","Loabák - Lavangen","54","Troms og Finnmark – Romsa ja Finnmárku – Tromssa ja Finmarkku",1,0,0,0,0,1,301.63,1034,219,0.211798839458414,504,3.25,8.22,36.3,1,33.85147,0
"5416","Bardu","54","Troms og Finnmark – Romsa ja Finnmárku – Tromssa ja Finmarkku",1,2,0.499375780274657,0,0,1,2703.89,4005,633,0.158052434456929,581,0.85,8.19,208.4,0,62.88372,0
"5417","Salangen","54","Troms og Finnmark – Romsa ja Finnmárku – Tromssa ja Finmarkku",1,2,0.931966449207828,0,0,1,458,2146,405,0.188723205964585,554,2.55,12.63,93,1,46.61984,0
"5418","Målselv","54","Troms og Finnmark – Romsa ja Finnmárku – Tromssa ja Finmarkku",1,1,0.150602409638554,0,0,0,3326.34,6640,1041,0.156777108433735,577,1.45,7.44,348.5,0,46.6447,411
"5419","Sørreisa","54","Troms og Finnmark – Romsa ja Finnmárku – Tromssa ja Finmarkku",1,0,0,0,0,0,362.95,3464,549,0.158487297921478,613,2,9.18,154,1,19.38895,0
"5420","Dyrøy","54","Troms og Finnmark – Romsa ja Finnmárku – Tromssa ja Finmarkku",1,0,0,0,0,1,288.54,1083,240,0.221606648199446,495,2.7,6.83,44.8,0,35.13514,0
"5421","Senja","54","Troms og Finnmark – Romsa ja Finnmárku – Tromssa ja Finmarkku",1,16,1.07736852737189,1,0,0,1953.81,14851,2387,0.160729917177294,600,1.8,11.88,743.3,0,23.96623,0
"5422","Balsfjord","54","Troms og Finnmark – Romsa ja Finnmárku – Tromssa ja Finmarkku",1,2,0.359776938298255,0,0,0,1496.96,5559,1068,0.192120885051268,560,1.75,8.94,229.6,1,28.26868,0
"5423","Karlsøy","54","Troms og Finnmark – Romsa ja Finnmárku – Tromssa ja Finmarkku",1,2,0.909090909090909,0,0,1,1091.59,2200,491,0.223181818181818,441,1.45,14.18,79.4,1,28.81213,0
"5424","Lyngen","54","Troms og Finnmark – Romsa ja Finnmárku – Tromssa ja Finmarkku",1,2,0.715819613457409,0,0,0,812.56,2794,632,0.226198997852541,472,1.5,6.98,101.3,1,11.87879,0
"5425","Storfjord - Omasvuotna - Omasvuono","54","Troms og Finnmark – Romsa ja Finnmárku – Tromssa ja Finmarkku",1,0,0,0,0,0,1542.78,1829,356,0.194641880809185,505,1.45,9.08,76,1,7.40072,0
"5426","Gáivuotna - Kåfjord - Kaivuono","54","Troms og Finnmark – Romsa ja Finnmárku – Tromssa ja Finmarkku",1,0,0,0,0,0,991.24,2071,453,0.218734910671173,431,3.45,6.86,70.2,1,25.37845,0
"5427","Skjervøy","54","Troms og Finnmark – Romsa ja Finnmárku – Tromssa ja Finmarkku",1,1,0.341646737273659,0,0,0,473.7,2927,513,0.175264776221387,564,3.15,16.88,136.8,1,25.73427,0
"5428","Nordreisa - Ráisa - Raisi","54","Troms og Finnmark – Romsa ja Finnmárku – Tromssa ja Finmarkku",1,0,0,0,0,1,3437.57,4861,788,0.162106562435713,573,2.5,7.96,194.9,1,24.62908,0
"5429","Kvænangen","54","Troms og Finnmark – Romsa ja Finnmárku – Tromssa ja Finmarkku",1,0,0,0,0,1,2109.37,1191,263,0.220822837951301,437,2.1,7.3,55.6,1,24.39394,0
"5430","Guovdageaidnu - Kautokeino","54","Troms og Finnmark – Romsa ja Finnmárku – Tromssa ja Finmarkku",1,0,0,0,0,1,9707.35,2910,389,0.133676975945017,481,4,7.49,83.1,1,15.14523,0
"5432","Loppa","54","Troms og Finnmark – Romsa ja Finnmárku – Tromssa ja Finmarkku",1,0,0,0,0,1,688.88,888,215,0.242117117117117,368,3.45,15.32,33.4,1,29.15888,0
"5433","Hasvik","54","Troms og Finnmark – Romsa ja Finnmárku – Tromssa ja Finmarkku",1,0,0,0,0,1,555.57,1005,168,0.167164179104478,351,4,23.48,34,0,19.55645,0
"5434","Måsøy","54","Troms og Finnmark – Romsa ja Finnmárku – Tromssa ja Finmarkku",1,3,2.44897959183673,1,0,1,1135.83,1225,269,0.219591836734694,402,6.9,20.08,49.5,1,31.74342,0
"5435","Nordkapp","54","Troms og Finnmark – Romsa ja Finnmárku – Tromssa ja Finmarkku",1,2,0.632511068943707,0,0,1,925.69,3162,506,0.160025300442758,533,3.6,17.55,135.2,1,29.73581,0
"5436","Porsanger - Porsá?gu - Porsanki","54","Troms og Finnmark – Romsa ja Finnmárku – Tromssa ja Finmarkku",1,0,0,0,0,1,4872.58,3998,652,0.163081540770385,539,3.4,8.68,148,1,16.93548,227
"5437","Kárá?johka - Karasjok","54","Troms og Finnmark – Romsa ja Finnmárku – Tromssa ja Finmarkku",1,0,0,0,0,1,5452.95,2628,375,0.142694063926941,565,3.15,7.27,89.9,1,29.47224,0
"5438","Lebesby","54","Troms og Finnmark – Romsa ja Finnmárku – Tromssa ja Finmarkku",1,0,0,0,0,1,3459.42,1290,216,0.167441860465116,435,3,18.29,58.1,1,26.43357,0
"5439","Gamvik","54","Troms og Finnmark – Romsa ja Finnmárku – Tromssa ja Finmarkku",1,0,0,0,0,1,1416.34,1132,186,0.164310954063604,408,7.7,29.59,42.8,1,12.75168,0
"5440","Berlevåg","54","Troms og Finnmark – Romsa ja Finnmárku – Tromssa ja Finmarkku",1,0,0,0,0,1,1121.78,957,194,0.202716823406479,432,4.15,17.97,37.3,0,10.90573,0
"5441","Deatnu - Tana","54","Troms og Finnmark – Romsa ja Finnmárku – Tromssa ja Finmarkku",1,0,0,0,0,1,4051.35,2918,503,0.172378341329678,484,2.8,11.96,111.6,1,19.47115,0
"5442","Unjárga - Nesseby","54","Troms og Finnmark – Romsa ja Finnmárku – Tromssa ja Finmarkku",1,0,0,0,0,1,1436.94,926,207,0.22354211663067,471,2.6,12.2,27.3,1,20.94595,0
"5443","Båtsfjord","54","Troms og Finnmark – Romsa ja Finnmárku – Tromssa ja Finmarkku",1,1,0.45024763619991,0,0,1,1434.78,2221,288,0.129671319225574,543,5.65,30.12,107.2,0,47.98568,0
"5444","Sør-Varanger","54","Troms og Finnmark – Romsa ja Finnmárku – Tromssa ja Finmarkku",1,5,0.492222878519394,0,0,1,3971.42,10158,1397,0.137527072258319,630,2.8,16.74,445,1,22.45069,6
